CustomerID,Gender,Age,AnnualIncome,SpendingScore,PurchaseCount,Revenue,Churn
1,Female,20,97955,14,19,23408,0
2,Female,64,145672,89,7,41118,0
3,Female,25,82962,48,10,38880,0
4,Female,36,136637,94,20,231240,0
5,Female,70,100581,6,13,10140,0
6,Female,53,44205,96,27,298080,0
7,Male,28,149956,14,29,42224,0
8,Female,42,33074,29,7,23345,0
9,Male,25,84162,23,28,84364,0
10,Female,60,87006,19,17,22287,0
11,Male,26,102793,58,13,90480,0
12,Female,44,149307,61,1,7564,0
13,Male,23,74167,10,18,13860,0
14,Female,38,115106,94,25,338400,0
15,Female,57,126992,55,5,38500,0
16,Female,20,67854,69,3,21114,0
17,Male,47,55094,31,14,31248,0
18,Female,40,39227,58,7,34510,0
19,Male,18,130759,29,7,12586,0
20,Male,64,85784,12,26,39000,0
21,Male,64,80199,65,29,194155,0
22,Male,28,48599,43,23,53406,0
23,Female,54,71207,81,6,35964,0
24,Male,39,99707,24,29,57768,0
25,Female,33,63508,68,14,56168,0
26,Male,56,90524,56,15,47880,0
27,Male,48,85727,25,1,3150,1
28,Male,27,86963,43,19,44118,0
29,Female,69,33384,17,17,37570,0
30,Male,29,39638,81,20,85860,0
31,Male,39,33568,81,12,56376,0
32,Male,30,148939,56,21,68208,0
33,Male,51,118855,60,18,78840,0
34,Male,58,47580,32,27,63072,0
35,Female,18,52195,83,4,45484,0
36,Male,42,103726,6,4,2832,1
37,Male,50,30365,91,28,277732,0
38,Female,66,44666,99,26,195624,0
39,Female,29,142420,73,8,81176,0
40,Male,28,144831,4,1,252,1
41,Male,35,79312,100,30,207000,0
42,Female,44,85146,10,13,9880,0
43,Male,27,47290,33,13,39897,0
44,Male,60,58451,2,14,1820,0
45,Female,55,88791,81,29,317115,0
46,Female,30,22080,15,8,11640,0
47,Male,40,63003,56,15,44520,0
48,Female,39,134817,4,25,8200,0
49,Male,22,25273,45,15,39825,0
50,Male,54,68171,65,20,170300,0
51,Male,59,126205,65,5,26975,0
52,Female,69,87562,58,25,159500,0
53,Male,38,85410,22,21,63294,0
54,Female,19,91708,93,2,12648,0
55,Female,46,50102,19,27,36936,0
56,Female,27,40701,41,25,88150,0
57,Male,31,124597,41,11,55924,0
58,Male,37,21270,28,26,45136,0
59,Male,61,100694,13,20,30680,0
60,Female,21,128504,7,14,10388,0
61,Female,19,112739,22,12,39336,0
62,Female,20,38233,21,2,4704,1
63,Female,35,32114,70,18,105840,0
64,Female,57,127014,33,19,91542,0
65,Male,68,80036,67,14,126630,0
66,Female,34,105875,5,28,13300,0
67,Male,70,44639,100,23,264500,0
68,Female,57,35022,64,15,105600,0
69,Male,34,89010,53,26,166738,0
70,Female,46,65013,74,20,102120,0
71,Female,68,135522,57,30,251370,0
72,Female,56,118744,42,3,10710,0
73,Male,58,44504,74,10,93240,0
74,Male,65,28889,42,3,12600,0
75,Female,34,87969,63,13,53235,0
76,Female,35,25233,69,12,67068,0
77,Male,38,88028,42,13,43134,0
78,Male,65,67705,32,28,68096,0
79,Male,67,138846,81,29,241947,0
80,Female,35,64813,99,4,57024,0
81,Female,34,120027,98,11,90552,0
82,Male,34,131360,63,8,67536,0
83,Male,20,135599,7,15,5460,0
84,Female,37,72798,64,13,80704,0
85,Female,21,28387,43,27,172989,0
86,Female,57,115055,64,13,58240,0
87,Female,34,36467,11,11,13915,0
88,Female,43,149424,62,1,7936,0
89,Male,42,71933,69,15,107640,0
90,Male,58,98930,46,27,140346,0
91,Male,70,100641,20,29,60320,0
92,Male,24,75164,32,19,32832,0
93,Male,39,145363,52,5,13780,0
94,Female,36,108799,18,2,4680,1
95,Female,51,77828,11,23,26818,0
96,Female,31,38565,74,21,101010,0
97,Male,69,80223,59,22,193402,0
98,Male,67,56209,66,6,26532,0
99,Female,21,104427,86,13,83850,0
100,Male,27,141203,54,22,116424,0
101,Male,23,81311,44,6,33792,0
102,Female,25,42415,52,2,7176,0
103,Female,46,35011,40,8,20800,0
104,Female,36,32189,3,25,8775,0
105,Female,24,23542,59,2,10856,0
106,Male,18,45609,12,25,45000,0
107,Female,25,112968,75,1,9900,0
108,Female,28,39440,53,4,30104,0
109,Female,53,60932,26,23,64584,0
110,Female,18,148328,51,28,81396,0
111,Female,45,87374,22,29,49126,0
112,Female,37,130482,81,4,41796,0
113,Male,25,130873,16,6,4896,0
114,Male,63,78812,90,26,210600,0
115,Female,44,53699,40,3,16080,0
116,Female,36,77163,4,24,7392,0
117,Male,26,85672,8,6,6672,0
118,Male,30,59306,60,10,67200,0
119,Female,19,26127,91,6,32214,0
120,Female,49,46079,1,10,560,0
121,Male,55,102053,64,5,32960,0
122,Female,62,148775,93,28,236964,0
123,Male,31,46326,7,12,12012,0
124,Male,50,146543,8,2,1200,1
125,Male,54,79191,81,4,17820,0
126,Male,43,121980,70,11,53130,0
127,Female,53,53709,81,4,48600,0
128,Female,29,38410,61,1,7320,0
129,Female,64,127398,57,21,81396,0
130,Female,29,66122,45,23,139725,0
131,Female,30,116139,13,25,24700,0
132,Male,66,138745,38,7,30856,0
133,Female,18,135832,38,25,112100,0
134,Male,64,53550,22,8,17072,0
135,Male,52,127494,2,15,3390,0
136,Female,59,103106,24,26,81744,0
137,Female,23,96613,11,5,6105,0
138,Female,50,109252,47,29,185368,0
139,Female,27,130205,94,23,270250,0
140,Female,68,36298,11,15,24090,0
141,Female,22,84326,96,28,209664,0
142,Male,28,91311,18,3,5616,1
143,Male,26,38851,34,16,54944,0
144,Female,48,39868,76,21,95760,0
145,Male,35,103333,7,25,9625,0
146,Female,23,58832,71,12,83496,0
147,Female,39,37349,58,5,31610,0
148,Female,55,48399,9,17,12546,0
149,Female,66,147352,14,9,14238,0
150,Male,65,70202,8,12,12480,0
151,Female,57,77854,82,22,119064,0
152,Female,68,36414,26,26,62868,0
153,Male,47,123945,58,21,113274,0
154,Female,28,68697,60,3,23580,0
155,Female,53,102662,91,11,65065,0
156,Female,25,81419,99,19,193743,0
157,Male,23,46621,8,18,17568,0
158,Male,47,79087,27,22,68904,0
159,Male,59,20948,8,10,7440,0
160,Male,70,63622,75,5,50625,0
161,Male,48,29874,89,9,43254,0
162,Male,65,47867,51,12,71604,0
163,Male,59,63475,90,10,127800,0
164,Male,31,47519,29,18,52722,0
165,Female,32,57259,21,15,37170,0
166,Male,50,83674,33,24,41976,0
167,Male,54,36136,65,23,215280,0
168,Male,59,23540,79,16,144096,0
169,Male,55,118497,13,21,19929,0
170,Female,50,110059,26,21,80808,0
171,Male,48,114934,78,3,20124,0
172,Male,50,39227,5,18,8820,0
173,Female,28,66714,54,4,25920,0
174,Male,53,70046,85,15,73950,0
175,Female,23,122447,69,2,12282,0
176,Male,57,102191,52,6,43992,0
177,Female,36,26605,27,26,102492,0
178,Male,35,132421,31,21,39060,0
179,Male,32,91110,92,27,211140,0
180,Female,24,70168,46,20,131560,0
181,Female,22,88331,4,18,3744,0
182,Female,61,41773,91,18,191646,0
183,Male,61,141562,88,5,62040,0
184,Female,26,88392,25,25,93125,0
185,Female,36,120535,7,15,5670,0
186,Female,33,129160,37,16,62752,0
187,Male,41,101533,20,3,4440,1
188,Female,29,23765,86,1,12556,0
189,Male,40,53993,97,13,160147,0
190,Male,60,102087,50,3,15000,0
191,Female,30,33900,87,14,147378,0
192,Male,22,107401,7,20,18060,0
193,Male,45,24177,52,13,89232,0
194,Male,32,25799,46,30,129720,0
195,Male,58,90703,25,23,54625,0
196,Female,29,24822,40,23,99360,0
197,Male,52,119338,45,15,96525,0
198,Male,21,91906,51,30,100980,0
199,Male,19,27811,80,17,127840,0
200,Female,47,81127,5,15,9975,0
201,Female,44,42105,40,28,116480,0
202,Female,20,128030,26,17,32266,0
203,Male,69,40158,30,4,10680,0
204,Male,40,29576,91,21,257985,0
205,Female,33,28321,59,16,99120,0
206,Male,61,95807,56,27,104328,0
207,Female,35,79087,34,21,37128,0
208,Female,27,24237,98,4,48216,0
209,Male,66,32122,72,28,258048,0
210,Male,44,78370,88,25,206800,0
211,Female,46,95028,43,5,30100,0
212,Female,19,55103,30,10,31500,0
213,Male,66,71017,10,3,4050,1
214,Female,65,139341,99,1,7029,0
215,Female,66,22383,53,20,121900,0
216,Male,28,44449,31,16,68448,0
217,Female,20,106239,55,23,94875,0
218,Female,28,82660,15,18,40230,0
219,Male,42,37350,6,27,17334,0
220,Male,48,117472,37,26,72150,0
221,Male,24,132683,52,22,168168,0
222,Female,48,50051,20,21,56280,0
223,Female,66,45485,89,21,272874,0
224,Male,40,77175,4,17,9112,0
225,Female,67,86693,66,5,45540,0
226,Female,40,78768,79,14,78526,0
227,Female,25,113487,74,13,93314,0
228,Male,29,116850,24,4,6528,1
229,Female,66,103125,6,29,9570,0
230,Male,43,133807,41,23,65067,0
231,Female,63,108636,96,16,208896,0
232,Male,60,28507,83,12,66732,0
233,Female,30,118174,48,8,43776,0
234,Female,46,125995,92,10,126960,0
235,Male,21,37798,94,20,186120,0
236,Female,39,118900,44,9,36828,0
237,Male,66,91994,50,17,85850,0
238,Female,59,100169,59,21,144963,0
239,Male,53,101527,71,10,97270,0
240,Female,56,118805,10,26,19500,0
241,Female,42,143069,68,16,70720,0
242,Male,29,59080,69,5,19665,0
243,Female,40,86472,72,26,175968,0
244,Male,21,123050,85,14,136850,0
245,Female,38,47575,34,16,52768,0
246,Male,35,35052,45,28,80640,0
247,Female,39,39936,43,13,56459,0
248,Male,58,128632,37,16,40848,0
249,Female,30,98503,99,17,116127,0
250,Female,51,112984,11,4,4576,1
251,Male,22,123966,46,7,18032,0
252,Male,64,73618,76,5,38000,0
253,Female,54,138284,47,2,5264,0
254,Male,50,23055,88,5,55000,0
255,Female,66,70921,51,15,110160,0
256,Male,38,127714,14,24,38304,0
257,Female,58,90214,57,19,161367,0
258,Female,30,39685,14,27,45360,0
259,Male,70,43120,23,21,68103,0
260,Male,45,86946,78,17,120666,0
261,Female,32,128464,26,3,7098,1
262,Male,42,128062,71,18,166140,0
263,Male,62,84474,48,14,36960,0
264,Male,60,129667,53,29,210569,0
265,Male,47,75061,92,2,22264,0
266,Male,23,81491,36,28,82656,0
267,Male,61,46709,77,19,219450,0
268,Female,59,112567,12,3,5400,1
269,Male,43,79108,71,25,145550,0
270,Male,54,130827,93,26,249054,0
271,Female,54,120450,23,27,42228,0
272,Male,34,140987,79,17,167875,0
273,Female,47,102965,95,28,260680,0
274,Female,55,55876,85,20,170000,0
275,Male,44,74708,25,22,45650,0
276,Female,25,44679,37,10,51060,0
277,Female,27,34388,61,15,56730,0
278,Female,43,102131,55,28,132440,0
279,Male,66,115679,90,4,45360,0
280,Female,34,125234,62,18,74772,0
281,Male,42,89313,29,20,84100,0
282,Male,69,85758,50,6,24900,0
283,Female,39,36918,13,26,42926,0
284,Female,46,98403,54,19,103626,0
285,Male,31,144761,63,15,93555,0
286,Female,47,132349,69,5,23460,0
287,Male,52,71756,4,7,1652,0
288,Male,66,79591,10,11,13970,0
289,Male,47,144861,64,18,154368,0
290,Female,36,142361,57,10,48450,0
291,Male,42,141737,43,26,78260,0
292,Female,18,37782,58,3,10788,0
293,Female,62,128996,5,6,3210,0
294,Male,70,77461,100,9,86400,0
295,Male,53,90740,19,5,12920,0
296,Female,48,112868,90,11,126720,0
297,Male,22,42855,52,21,67704,0
298,Female,29,85805,45,19,92340,0
299,Male,31,20977,90,9,74520,0
300,Female,19,118531,50,18,61200,0
301,Female,25,133306,24,14,36624,0
302,Male,52,27694,53,29,215180,0
303,Male,58,148605,55,29,231275,0
304,Male,52,145452,10,17,17510,0
305,Male,29,60678,24,16,21120,0
306,Male,39,93201,69,8,55752,0
307,Male,30,70090,96,9,85536,0
308,Male,64,105108,75,11,56925,0
309,Male,49,87858,14,19,24206,0
310,Male,23,94908,99,27,203148,0
311,Male,24,67623,26,13,25350,0
312,Male,57,123659,59,17,150450,0
313,Female,61,62957,30,4,8280,0
314,Female,27,81055,26,30,111540,0
315,Male,32,123709,19,29,47386,0
316,Female,59,55687,82,11,105534,0
317,Male,62,56602,78,24,131040,0
318,Male,63,24653,88,2,17776,0
319,Male,32,66969,59,2,15576,0
320,Female,38,117824,62,18,93744,0
321,Female,30,138043,33,19,71478,0
322,Male,69,52890,43,23,63296,0
323,Female,23,27612,46,4,16928,0
324,Male,58,98833,8,10,10160,0
325,Male,47,61355,100,25,212500,0
326,Female,31,86070,96,5,25440,0
327,Female,55,36716,62,25,168950,0
328,Male,32,94139,40,19,57760,0
329,Female,70,52903,60,7,24780,0
330,Female,28,69248,88,16,209792,0
331,Male,58,108274,28,27,50652,0
332,Male,51,81372,74,13,76960,0
333,Male,29,38021,51,9,38097,0
334,Female,63,102889,81,21,98658,0
335,Female,65,65123,51,3,14382,0
336,Male,65,66931,57,23,95703,0
337,Male,48,21670,51,21,69615,0
338,Female,44,110854,78,3,33228,0
339,Male,62,112467,52,22,101816,0
340,Female,30,60206,44,17,65076,0
341,Male,53,86578,34,25,90950,0
342,Female,42,125198,91,22,256256,0
343,Male,56,145304,9,27,23085,0
344,Female,56,50240,62,27,110484,0
345,Female,66,28994,36,10,20880,0
346,Female,70,142909,18,4,3816,1
347,Male,23,94628,65,5,25675,0
348,Male,49,83175,34,20,37400,0
349,Female,70,53916,32,22,72512,0
350,Male,56,86112,29,22,46574,0
351,Male,41,22279,52,5,38740,0
352,Female,50,75908,89,14,133322,0
353,Male,51,107735,14,4,3136,1
354,Male,59,122057,21,30,48510,0
355,Male,42,124219,33,14,50358,0
356,Female,46,71290,57,1,6213,0
357,Male,33,95911,5,21,15750,0
358,Male,64,108945,95,8,82080,0
359,Female,65,132166,43,2,5074,0
360,Male,40,138727,70,9,48510,0
361,Female,25,29265,85,10,106250,0
362,Male,28,86394,97,4,38800,0
363,Male,24,48510,94,29,209902,0
364,Male,30,80480,60,5,36000,0
365,Female,22,39441,68,15,150960,0
366,Male,55,31985,4,5,1460,0
367,Female,31,116967,41,28,82656,0
368,Male,43,44848,13,16,15600,0
369,Female,48,104359,19,13,36309,0
370,Male,61,139134,46,14,88228,0
371,Female,70,29251,31,4,15872,0
372,Male,46,38532,34,11,52734,0
373,Female,43,44483,29,6,12702,0
374,Female,60,113203,34,13,64974,0
375,Male,42,126014,15,1,1185,1
376,Male,45,112048,96,21,116928,0
377,Female,36,66771,59,17,80240,0
378,Female,27,63612,88,30,287760,0
379,Male,38,99307,97,24,325920,0
380,Male,33,25507,3,27,6075,0
381,Female,69,117414,90,21,102060,0
382,Female,34,100979,2,10,2400,0
383,Female,35,143287,17,18,16218,0
384,Male,68,106365,34,30,81600,0
385,Female,48,52460,30,14,21840,0
386,Female,61,108803,23,26,44850,0
387,Male,23,75778,84,23,197064,0
388,Female,70,91946,17,12,26316,0
389,Female,23,42557,39,11,51480,0
390,Female,45,136335,70,13,97370,0
391,Male,53,109273,62,7,64232,0
392,Male,56,34664,83,18,204678,0
393,Female,18,96051,2,8,2288,0
394,Male,41,141662,23,2,6670,1
395,Female,65,92158,11,19,21527,0
396,Female,38,149506,89,9,69687,0
397,Female,26,114392,87,18,95526,0
398,Female,59,37672,60,2,15960,0
399,Male,48,101022,72,7,50904,0
400,Female,26,143360,49,17,60809,0
401,Male,19,92222,74,12,49728,0
402,Female,44,138531,54,9,50544,0
403,Male,57,81664,63,19,174762,0
404,Male,22,62913,36,25,58500,0
405,Male,65,92912,55,5,30250,0
406,Male,21,21837,60,22,84480,0
407,Female,66,75740,66,17,168300,0
408,Male,48,74409,64,3,25920,0
409,Male,27,137618,10,3,1560,1
410,Female,54,78136,14,1,2058,1
411,Female,51,120511,31,17,65348,0
412,Male,51,85613,53,5,18815,0
413,Female,20,136703,85,27,199665,0
414,Female,54,66945,49,6,18816,0
415,Male,28,57438,20,21,48300,0
416,Female,63,36521,32,21,58464,0
417,Female,64,102002,6,5,3030,0
418,Female,59,53803,65,8,27040,0
419,Male,65,114841,28,14,21560,0
420,Female,23,44588,30,5,22200,0
421,Male,59,128017,1,15,1185,0
422,Male,62,127282,27,24,81648,0
423,Male,62,101150,13,17,28730,0
424,Male,32,75466,74,6,50616,0
425,Female,55,80083,74,20,148000,0
426,Female,36,131976,16,14,17696,0
427,Female,31,108934,32,7,26208,0
428,Male,35,71445,69,15,145935,0
429,Female,62,135164,1,3,399,1
430,Female,34,81659,37,8,31080,0
431,Male,60,135960,70,18,115920,0
432,Male,62,138420,3,24,7632,0
433,Female,39,131007,32,9,17280,0
434,Male,64,45455,54,13,80730,0
435,Female,66,40684,44,28,152768,0
436,Female,37,144567,2,19,3306,0
437,Female,61,134024,23,2,4508,1
438,Female,39,134532,24,1,3216,1
439,Female,31,129622,66,26,166452,0
440,Female,50,63554,51,19,79458,0
441,Male,41,137835,16,27,43632,0
442,Male,20,129463,93,10,125550,0
443,Female,58,112908,95,21,299250,0
444,Male,46,32686,20,5,12500,0
445,Male,53,57760,48,4,12288,0
446,Male,37,143415,9,24,28296,0
447,Female,25,40995,78,21,181818,0
448,Female,22,135951,23,4,11500,1
449,Female,63,35117,99,27,355509,0
450,Male,50,53040,42,23,85008,0
451,Male,29,71474,80,4,30080,0
452,Female,63,109801,49,9,29547,0
453,Male,49,39144,45,6,17280,0
454,Male,57,55822,51,25,149175,0
455,Female,29,128153,20,13,20020,0
456,Male,34,95820,17,6,7752,0
457,Female,24,116020,19,27,34884,0
458,Male,34,131529,43,18,79722,0
459,Female,21,137515,59,3,12567,0
460,Female,27,136402,22,27,32076,0
461,Male,52,137055,37,3,14319,0
462,Female,35,56465,70,5,28700,0
463,Male,20,127333,56,13,53144,0
464,Female,34,45643,65,6,45240,0
465,Female,67,20613,54,27,207036,0
466,Male,29,62364,57,25,139650,0
467,Male,61,26209,42,18,47628,0
468,Male,31,56701,56,1,6104,0
469,Male,61,135080,91,28,295568,0
470,Female,21,109407,62,3,12276,0
471,Male,66,26062,94,13,73320,0
472,Female,48,137326,24,20,30720,0
473,Male,49,61603,26,6,14976,0
474,Male,25,29102,87,17,79866,0
475,Male,45,142075,80,8,81920,0
476,Male,59,41061,50,5,34000,0
477,Male,26,65789,87,10,101790,0
478,Male,57,20322,79,9,57591,0
479,Male,54,55085,25,14,36400,0
480,Female,59,96846,24,8,20544,0
481,Female,43,80341,39,7,31395,0
482,Male,49,35262,5,16,8400,0
483,Female,48,142618,84,4,43008,0
484,Female,31,34984,71,1,8023,0
485,Male,54,30395,93,4,27156,0
486,Male,42,38623,11,1,638,1
487,Male,55,123009,15,28,49560,0
488,Female,37,101231,82,29,290116,0
489,Male,26,144345,84,27,124740,0
490,Female,65,130434,50,5,14000,0
491,Male,44,87054,15,30,65700,0
492,Male,64,63926,14,27,34776,0
493,Male,25,68046,49,3,14994,0
494,Female,35,26186,19,7,11704,0
495,Female,34,95122,34,20,60520,0
496,Male,33,117711,71,16,122688,0
497,Male,20,28841,9,1,468,1
498,Male,50,98888,33,6,24750,0
499,Female,43,20813,21,28,36456,0
500,Female,21,141174,31,22,60698,0
501,Male,55,84836,83,18,186750,0
502,Male,30,142483,62,5,39990,0
503,Male,50,60115,18,14,23688,0
504,Male,21,81370,23,14,37030,0
505,Male,69,123100,15,28,57960,0
506,Female,69,30332,97,8,54320,0
507,Male,24,119083,30,5,21450,0
508,Male,31,70080,64,18,163584,0
509,Female,63,51523,36,2,10584,0
510,Female,59,62375,19,1,2489,1
511,Male,46,69703,99,8,98208,0
512,Male,54,107407,24,10,31200,0
513,Male,45,25461,65,2,9490,0
514,Male,18,148798,84,7,64092,0
515,Male,38,113933,31,28,121520,0
516,Female,21,48338,44,14,31416,0
517,Female,23,108370,94,1,7708,0
518,Male,38,99702,11,7,5313,0
519,Male,39,86206,36,29,138852,0
520,Male,32,136166,10,20,11800,0
521,Female,26,99658,48,12,76032,0
522,Female,29,35848,16,6,9600,0
523,Male,21,83581,34,16,73984,0
524,Male,22,106097,97,20,258020,0
525,Female,55,124685,24,25,66600,0
526,Female,55,127736,9,1,585,1
527,Female,63,67069,57,9,61560,0
528,Male,69,114334,2,23,5244,0
529,Female,23,85913,8,10,8400,0
530,Female,55,123864,47,23,112424,0
531,Female,37,70176,15,14,11550,0
532,Male,23,147185,1,30,1830,0
533,Female,66,137451,79,9,46926,0
534,Male,63,92744,92,6,30912,0
535,Male,56,76919,49,28,76832,0
536,Female,36,29512,82,30,147600,0
537,Female,66,76309,39,5,26325,0
538,Female,62,108129,17,30,45900,0
539,Female,63,135778,7,10,6860,0
540,Male,22,121332,9,14,6930,0
541,Male,61,131170,55,24,190080,0
542,Male,65,42619,23,14,35742,0
543,Female,26,74133,26,15,22620,0
544,Male,45,141486,98,15,144060,0
545,Male,18,69136,4,1,564,1
546,Male,22,138158,82,17,75276,0
547,Female,24,149942,93,2,12648,0
548,Female,29,98069,6,9,7614,0
549,Female,31,115174,37,21,96348,0
550,Female,47,71949,97,15,206610,0
551,Male,35,142960,70,20,165200,0
552,Male,50,34738,38,8,18240,0
553,Male,62,95453,35,12,45360,0
554,Female,25,53185,22,10,27060,0
555,Female,48,64864,94,11,100298,0
556,Male,31,27502,29,16,69600,0
557,Female,22,47822,20,28,57120,0
558,Female,31,67235,3,6,1512,0
559,Male,20,140653,1,15,2025,0
560,Female,63,72954,46,28,108192,0
561,Female,65,59368,66,29,246906,0
562,Male,36,46817,61,19,129808,0
563,Male,51,100696,93,17,82212,0
564,Female,18,96081,23,23,39146,0
565,Female,39,35048,58,12,74472,0
566,Female,63,20027,30,23,44850,0
567,Female,63,41037,25,20,47500,0
568,Female,61,49916,21,13,32760,0
569,Female,66,54939,36,24,91584,0
570,Female,21,46494,90,2,10080,0
571,Male,21,31297,69,7,70518,0
572,Male,39,50078,12,19,17784,0
573,Female,63,26984,67,12,100500,0
574,Male,59,107519,34,7,18326,0
575,Male,35,117848,43,2,9546,0
576,Female,19,95667,61,25,88450,0
577,Female,44,102804,82,10,81180,0
578,Female,26,55853,44,29,158224,0
579,Female,63,123465,8,21,18816,0
580,Male,27,91627,50,24,98400,0
581,Male,45,83985,96,28,190848,0
582,Male,64,84972,56,2,7392,0
583,Female,42,79347,14,16,17248,0
584,Female,56,142121,83,10,99600,0
585,Female,24,132439,87,11,88044,0
586,Female,18,144784,88,7,37576,0
587,Female,43,71305,84,25,281400,0
588,Female,57,139828,53,19,100700,0
589,Male,29,149690,39,4,17004,0
590,Male,58,58548,43,21,107457,0
591,Female,37,25740,78,14,93912,0
592,Male,50,26902,87,14,175392,0
593,Female,29,33935,93,30,345960,0
594,Female,21,71894,69,29,214107,0
595,Male,49,94533,95,19,250895,0
596,Male,66,41305,45,1,5310,0
597,Female,54,138433,61,12,46116,0
598,Male,43,104817,94,10,87420,0
599,Male,52,31664,64,27,139968,0
600,Male,39,36837,62,1,8556,0
601,Male,38,36539,40,10,22400,0
602,Female,70,80036,87,1,12615,0
603,Male,41,35875,62,14,99820,0
604,Male,64,77595,6,26,17628,0
605,Male,49,64515,59,17,72216,0
606,Female,34,22908,24,21,26712,0
607,Female,55,71197,34,23,64906,0
608,Male,52,53499,92,28,280784,0
609,Male,69,140154,98,26,168168,0
610,Male,46,86124,70,1,7420,0
611,Male,65,104193,3,27,7776,0
612,Female,56,139334,96,20,195840,0
613,Female,69,88280,33,21,58212,0
614,Male,39,92577,70,18,131040,0
615,Female,19,37303,60,5,35100,0
616,Male,64,27126,37,2,9916,0
617,Female,65,123797,69,22,215556,0
618,Male,28,60359,48,12,65664,0
619,Female,21,129275,46,24,153456,0
620,Male,65,106148,23,13,19734,0
621,Male,27,147893,1,3,153,1
622,Male,41,138518,16,17,28832,0
623,Male,25,140885,47,20,89300,0
624,Female,31,81678,66,2,13464,0
625,Female,67,125700,39,7,18564,0
626,Female,52,63433,31,28,118048,0
627,Female,56,98169,81,30,240570,0
628,Male,60,141353,67,18,141102,0
629,Female,64,99180,55,6,32010,0
630,Female,32,29670,59,14,104076,0
631,Male,70,43601,58,27,106488,0
632,Male,45,123732,10,21,31080,0
633,Female,25,69923,44,29,128876,0
634,Male,70,43134,78,21,119574,0
635,Male,50,103275,13,12,12324,0
636,Male,42,31710,73,2,14892,0
637,Female,24,126530,15,17,17595,0
638,Female,56,91479,46,18,111780,0
639,Female,44,128875,29,21,52983,0
640,Male,26,106102,22,30,73920,0
641,Female,32,133835,4,22,12144,0
642,Male,23,60285,60,23,96600,0
643,Female,69,135323,86,11,78518,0
644,Male,64,50519,42,23,136206,0
645,Female,28,46104,34,1,4080,0
646,Male,34,110498,52,6,36816,0
647,Male,48,62467,38,16,75392,0
648,Male,58,99533,58,4,14384,0
649,Female,20,74912,6,7,2436,0
650,Male,53,136045,83,7,67396,0
651,Female,58,73555,43,14,81270,0
652,Female,41,128804,44,2,6072,0
653,Female,61,21139,56,28,79968,0
654,Female,37,104153,52,14,39312,0
655,Female,54,89781,60,20,110400,0
656,Male,59,67253,78,10,109200,0
657,Female,70,65263,83,19,203433,0
658,Female,32,147591,43,26,119626,0
659,Female,52,139154,38,7,31654,0
660,Female,51,20332,43,22,50138,0
661,Female,21,94940,65,25,110500,0
662,Male,37,73566,28,19,60648,0
663,Male,28,52215,27,18,34992,0
664,Male,66,137882,13,2,3588,1
665,Male,23,102742,7,15,7560,0
666,Female,29,69372,10,5,4150,0
667,Female,32,81569,36,8,34272,0
668,Female,19,145196,50,27,71550,0
669,Female,27,76650,74,28,225848,0
670,Female,34,33162,18,30,27000,0
671,Male,37,104873,33,12,48708,0
672,Male,59,114493,25,30,66750,0
673,Female,70,84838,15,20,18300,0
674,Male,51,21278,57,28,159600,0
675,Female,55,111535,14,9,12474,0
676,Male,51,99320,100,29,290000,0
677,Female,64,97334,86,1,11438,0
678,Female,44,75171,97,6,57618,0
679,Male,55,101489,55,19,122265,0
680,Female,41,141886,12,15,19800,0
681,Male,49,149605,42,18,40824,0
682,Female,46,113887,4,25,6500,0
683,Female,28,69825,85,8,51000,0
684,Male,27,35540,46,18,122544,0
685,Male,48,125983,53,19,79553,0
686,Male,23,81023,19,2,4256,1
687,Female,24,149270,76,24,164160,0
688,Female,25,66458,72,9,51840,0
689,Male,25,65819,69,11,112332,0
690,Male,62,91740,33,1,3069,0
691,Male,32,140515,41,16,65600,0
692,Male,41,50362,82,7,83230,0
693,Male,47,87171,46,27,132894,0
694,Female,28,37348,37,9,35964,0
695,Male,68,72892,78,12,59904,0
696,Male,45,34768,95,27,302670,0
697,Male,66,129777,13,16,20176,0
698,Male,36,58385,60,26,127920,0
699,Female,56,47656,19,28,79800,0
700,Female,21,114080,8,13,10088,0
701,Female,29,71338,40,4,16480,0
702,Female,52,121891,32,26,59904,0
703,Female,25,136985,81,20,87480,0
704,Female,43,136670,99,12,140184,0
705,Female,22,33206,33,4,13860,0
706,Male,36,76519,12,12,11088,0
707,Male,46,139928,85,11,55165,0
708,Male,65,56801,60,28,223440,0
709,Female,34,27492,71,5,17750,0
710,Male,25,118426,72,12,95040,0
711,Male,58,62296,79,4,35708,0
712,Male,35,146641,91,9,44226,0
713,Female,57,84346,55,8,37400,0
714,Female,44,54247,67,20,175540,0
715,Female,51,75215,75,3,20700,0
716,Male,66,97166,33,2,8250,0
717,Male,68,84457,70,18,143640,0
718,Female,36,94475,80,29,236640,0
719,Female,42,55079,50,26,130000,0
720,Female,34,149601,46,4,15088,0
721,Female,24,34008,26,13,16900,0
722,Male,56,26401,91,14,177086,0
723,Female,20,100292,92,17,184552,0
724,Female,32,50525,97,14,69258,0
725,Male,28,133422,42,17,92106,0
726,Female,53,126351,24,25,78600,0
727,Male,25,52554,40,16,62080,0
728,Female,52,111899,56,30,94080,0
729,Male,36,81014,100,28,378000,0
730,Male,48,82982,68,7,29036,0
731,Female,26,115922,30,5,14700,0
732,Female,40,55402,14,10,9520,0
733,Female,57,70669,80,7,64400,0
734,Female,27,104142,77,25,219450,0
735,Female,21,93306,9,1,1314,1
736,Female,66,149487,86,12,69144,0
737,Female,47,56487,88,19,167200,0
738,Male,23,67286,18,12,24408,0
739,Female,38,39442,78,26,290004,0
740,Female,51,41529,47,27,128169,0
741,Male,65,54947,43,9,41796,0
742,Female,45,62595,34,18,88128,0
743,Female,35,51535,15,5,11175,0
744,Female,42,127224,25,30,74250,0
745,Male,44,138530,69,16,122544,0
746,Male,54,56342,86,27,320436,0
747,Female,47,91897,54,14,47628,0
748,Male,42,29575,27,23,39123,0
749,Female,33,145239,91,23,129766,0
750,Male,58,124308,33,15,53955,0
751,Male,18,142103,37,26,99086,0
752,Female,67,28394,35,8,35000,0
753,Female,55,85827,84,22,255024,0
754,Female,38,76409,51,8,56712,0
755,Male,60,148582,43,26,120744,0
756,Female,45,134251,8,17,11968,0
757,Male,59,33215,66,21,196812,0
758,Male,34,121747,73,13,135707,0
759,Female,24,43482,3,8,1224,0
760,Male,19,101356,1,23,3220,0
761,Male,31,58889,24,27,46008,0
762,Female,58,87820,80,9,95760,0
763,Male,43,121487,26,18,49608,0
764,Male,62,46093,36,6,25272,0
765,Female,50,65836,22,28,46816,0
766,Female,28,141000,100,1,14500,0
767,Female,41,94369,74,8,56240,0
768,Female,43,124463,91,30,212940,0
769,Male,51,37825,27,3,11421,1
770,Female,50,88107,1,23,1587,0
771,Female,27,29369,5,20,8300,0
772,Male,63,131255,96,16,219648,0
773,Female,49,132634,39,23,58305,0
774,Male,47,77474,16,15,12000,0
775,Female,30,119272,46,13,77142,0
776,Male,24,31580,43,4,24080,0
777,Male,32,68584,93,19,203205,0
778,Male,55,90083,40,9,33480,0
779,Male,51,147945,37,13,52910,0
780,Male,27,54693,82,3,25584,0
781,Female,43,51372,18,26,40248,0
782,Male,58,63640,93,30,354330,0
783,Male,26,88293,78,26,162240,0
784,Female,39,128002,67,25,244550,0
785,Male,51,27982,69,11,44781,0
786,Female,62,48757,69,23,209484,0
787,Female,66,78000,73,24,243528,0
788,Female,20,134604,38,17,56848,0
789,Male,30,52118,44,24,151008,0
790,Female,43,84081,55,25,189750,0
791,Female,64,36348,65,15,135525,0
792,Female,26,135173,15,1,1230,1
793,Male,28,138911,71,24,168696,0
794,Male,41,69903,38,30,152760,0
795,Female,32,63141,55,22,153670,0
796,Female,58,110717,92,1,9752,0
797,Female,65,44407,11,26,26598,0
798,Male,60,27035,26,8,20592,0
799,Female,39,57541,81,26,301158,0
800,Male,47,54160,89,8,72624,0
801,Male,22,110811,50,9,47700,0
802,Female,25,34366,63,23,105777,0
803,Male,63,148533,86,27,190404,0
804,Female,25,29557,90,24,157680,0
805,Female,53,22406,7,27,22869,0
806,Male,59,64715,53,17,127041,0
807,Female,67,67260,69,29,180090,0
808,Female,68,135792,75,11,63525,0
809,Female,48,129003,90,2,17820,0
810,Female,54,135717,80,27,183600,0
811,Female,39,53853,22,25,45650,0
812,Male,56,84426,64,8,75264,0
813,Male,68,73762,55,7,33880,0
814,Male,21,88233,8,6,6720,0
815,Male,40,121645,1,13,702,0
816,Female,20,146094,87,18,164430,0
817,Male,36,59357,40,14,76160,0
818,Female,35,110834,47,9,36378,0
819,Female,37,87452,60,26,102960,0
820,Female,68,91608,89,4,38804,0
821,Female,22,39952,61,27,126819,0
822,Female,31,35102,30,29,107010,0
823,Male,42,40777,96,16,156672,0
824,Male,66,97481,26,7,16198,0
825,Male,38,31148,32,28,125440,0
826,Female,60,104646,91,18,145782,0
827,Male,58,120308,31,3,4743,0
828,Female,62,87213,1,8,928,0
829,Male,56,46140,37,29,67599,0
830,Male,63,57001,14,21,15876,0
831,Male,29,78456,33,30,118800,0
832,Female,64,42403,11,11,15972,0
833,Male,47,103951,8,2,992,1
834,Female,46,84374,54,6,22680,0
835,Female,32,130790,36,11,46332,0
836,Male,18,122382,81,5,35235,0
837,Female,38,140646,56,19,114912,0
838,Male,20,20011,81,6,49572,0
839,Female,63,137155,16,9,18432,0
840,Female,69,125691,32,21,77952,0
841,Female,47,143017,25,26,41600,0
842,Female,52,94942,52,7,40404,0
843,Female,19,140267,49,9,56448,0
844,Female,45,42493,88,23,129536,0
845,Female,51,59617,32,27,129600,0
846,Female,60,121430,6,2,1104,1
847,Female,45,60817,54,26,206388,0
848,Male,34,121733,30,12,32400,0
849,Female,28,106977,25,11,26400,0
850,Female,53,47747,9,14,7434,0
851,Male,20,130144,49,21,96726,0
852,Male,29,22024,82,18,168264,0
853,Male,44,143729,8,8,3328,0
854,Female,59,106098,39,4,16068,0
855,Male,21,61867,15,20,16800,0
856,Male,33,79955,15,29,36975,0
857,Female,18,56579,53,14,48972,0
858,Female,40,78089,46,24,73968,0
859,Female,67,131919,79,3,30099,0
860,Male,62,107489,68,9,73440,0
861,Female,64,57092,37,4,21904,0
862,Male,60,78474,14,18,36036,0
863,Male,56,57447,76,24,202464,0
864,Female,59,124764,12,15,26640,0
865,Male,33,82943,86,7,38528,0
866,Female,64,71575,10,18,21060,0
867,Male,61,107040,35,10,37800,0
868,Female,38,68189,37,27,115884,0
869,Female,52,123244,64,18,97920,0
870,Female,36,132297,35,11,27335,0
871,Male,37,36302,74,4,16576,0
872,Male,30,69731,34,10,50320,0
873,Male,49,142883,7,13,5551,0
874,Female,34,120148,39,29,95004,0
875,Female,53,100105,7,16,16128,0
876,Male,59,94418,19,27,75924,0
877,Male,26,67570,39,22,107250,0
878,Male,46,102066,35,5,22575,0
879,Female,69,111067,17,11,16830,0
880,Female,56,110596,70,2,17080,0
881,Male,26,21135,14,22,41888,0
882,Female,68,127399,17,22,18700,0
883,Male,60,93699,13,5,7995,0
884,Male,42,63869,95,1,8170,0
885,Male,54,112424,25,30,108750,0
886,Male,65,128976,78,24,117936,0
887,Female,21,89949,48,15,91440,0
888,Female,61,124307,3,20,6960,0
889,Male,44,59405,68,16,126208,0
890,Female,49,103608,50,11,66550,0
891,Male,45,80330,53,15,113685,0
892,Male,29,100971,36,9,27864,0
893,Male,35,112906,25,15,32625,0
894,Female,48,99355,40,3,12120,0
895,Female,61,137167,29,23,97382,0
896,Female,26,55269,59,5,16520,0
897,Female,61,53420,90,26,175500,0
898,Female,19,72146,94,26,237068,0
899,Male,35,126699,59,7,39235,0
900,Male,70,135045,91,18,232596,0
901,Female,64,62371,45,28,160020,0
902,Female,40,128092,77,5,55055,0
903,Male,41,121822,12,26,32448,0
904,Female,39,34312,55,30,204600,0
905,Male,39,114004,13,20,32500,0
906,Female,20,105802,74,17,111962,0
907,Female,62,88999,93,3,19530,0
908,Female,35,140314,20,28,41440,0
909,Male,18,126230,51,9,38097,0
910,Female,65,89332,98,23,135240,0
911,Male,51,112897,45,16,69120,0
912,Male,31,129858,78,2,19032,0
913,Female,25,77620,82,12,106272,0
914,Female,43,33673,72,18,95904,0
915,Female,68,129608,11,12,10164,0
916,Female,47,101280,83,11,50215,0
917,Female,43,103873,38,21,108528,0
918,Male,56,24974,2,18,5040,0
919,Male,38,98211,77,18,173250,0
920,Female,24,28445,96,2,16320,0
921,Female,41,28418,63,27,221130,0
922,Male,59,38468,83,7,82502,0
923,Male,47,30024,61,15,74115,0
924,Male,37,119590,42,29,64554,0
925,Female,66,61301,72,20,86400,0
926,Male,47,124877,92,18,207000,0
927,Female,53,101234,59,18,67968,0
928,Male,43,121692,42,3,13608,0
929,Female,66,121338,3,14,2310,0
930,Male,32,74217,30,21,59850,0
931,Female,58,50890,99,28,346500,0
932,Male,57,128557,92,26,308568,0
933,Male,23,93624,80,22,144320,0
934,Female,32,43563,5,18,9270,0
935,Female,61,57838,10,24,30480,0
936,Male,30,81680,98,20,101920,0
937,Male,63,131139,58,15,129630,0
938,Female,31,145327,8,14,11648,0
939,Female,45,126045,19,28,60116,0
940,Female,57,107668,12,28,49392,0
941,Female,63,32544,27,2,7020,1
942,Female,25,113600,17,1,1377,1
943,Male,54,104245,83,3,17679,0
944,Female,40,125650,75,2,17100,0
945,Female,62,54202,51,2,9792,0
946,Female,24,83777,17,9,22491,0
947,Female,52,52995,8,11,10296,0
948,Female,55,25674,15,13,28275,0
949,Female,43,45157,90,22,164340,0
950,Female,31,29236,11,8,13024,0
951,Female,36,123456,65,4,36400,0
952,Female,56,68043,72,3,23976,0
953,Female,24,41008,53,12,67416,0
954,Female,25,132911,25,22,81400,0
955,Female,37,76994,1,4,556,1
956,Male,48,138767,92,11,87032,0
957,Male,43,116259,86,8,62608,0
958,Male,32,140062,62,16,51584,0
959,Female,43,71692,69,30,159390,0
960,Female,63,103853,11,2,2068,1
961,Male,40,121129,62,4,28768,0
962,Male,25,43966,100,6,78000,0
963,Male,20,39052,4,12,3168,0
964,Male,40,37533,19,20,28880,0
965,Male,64,28039,28,16,26880,0
966,Female,70,96323,34,18,66096,0
967,Female,22,68267,75,19,196650,0
968,Female,62,42333,27,30,93150,0
969,Female,30,90197,2,22,4488,0
970,Female,20,59997,25,21,32025,0
971,Female,35,44045,61,4,14640,0
972,Female,22,22108,24,19,35568,0
973,Female,48,36108,94,1,6580,0
974,Male,21,102891,11,5,5610,0
975,Female,38,67949,26,26,70980,0
976,Male,45,140422,5,1,305,1
977,Female,60,36427,29,25,92800,0
978,Male,40,75471,28,26,102648,0
979,Female,29,107758,77,9,49896,0
980,Female,35,85411,93,16,119040,0
981,Female,54,86314,82,3,22140,0
982,Male,52,94893,100,23,248400,0
983,Male,25,126441,48,19,104880,0
984,Female,28,113056,46,16,83904,0
985,Male,40,21213,52,17,125528,0
986,Male,62,112073,70,15,96600,0
987,Female,28,31880,65,17,133705,0
988,Male,36,38213,83,5,51045,0
989,Female,54,127389,73,29,196881,0
990,Female,57,50982,65,3,27885,0
991,Male,44,78082,20,5,9500,0
992,Female,63,109273,93,27,256122,0
993,Female,57,84820,98,29,247254,0
994,Male,67,127997,69,29,108054,0
995,Male,38,146544,3,25,10275,0
996,Female,62,133994,42,3,13356,0
997,Male,24,45953,89,3,36579,0
998,Female,65,56982,39,12,24804,0
999,Female,47,40492,42,2,9576,0
1000,Female,52,40963,62,25,136400,0
